Model,Object,Precision,Recall
YOLOv9c,Player,0.9999999953271028,0.9999999953271028
YOLOv9c,Ball,0.783018860537558,0.783018860537558
